{
    "camera": "350cm_outside",
    "ranking": [
        "0324_man1",
        "0313_man2",
        "0326_woman1",
        "0319_woman2",
        "0313_man3",
        "0326_woman2",
        "0319_woman1",
        "0321_woman2",
        "0326_woman4",
        "0324_woman4",
        "0320_woman3",
        "0318_woman3",
        "0327_woman1",
        "0324_woman3",
        "0327_woman2",
        "0320_woman4"
    ],
    "scores": {
        "0324_man1": 232.16544700086743,
        "0313_man2": 224.64890673914,
        "0326_woman1": 219.86813236707007,
        "0319_woman2": 219.0167618463707,
        "0313_man3": 216.73407225373134,
        "0326_woman2": 214.15732989617038,
        "0319_woman1": 211.03893726606248,
        "0321_woman2": 209.67819301872586,
        "0326_woman4": 209.27050990864726,
        "0324_woman4": 204.37293402516258,
        "0320_woman3": 203.63656434259016,
        "0318_woman3": 203.6058318988157,
        "0327_woman1": 203.44648813553508,
        "0324_woman3": 202.79050687412962,
        "0327_woman2": 201.58313404768654,
        "0320_woman4": 196.51113866923015
    }
}