{
    "camera": "300cm_slantside",
    "ranking": [
        "0324_man1",
        "0313_man2",
        "0326_woman1",
        "0319_woman2",
        "0313_man3",
        "0326_woman2",
        "0326_woman4",
        "0319_woman1",
        "0321_woman2",
        "0324_woman4",
        "0324_woman3",
        "0327_woman1",
        "0318_woman3",
        "0320_woman3",
        "0327_woman2",
        "0320_woman4"
    ],
    "scores": {
        "0324_man1": 168.660274969011,
        "0313_man2": 166.96852251822926,
        "0326_woman1": 160.22550234359923,
        "0319_woman2": 157.86098456504277,
        "0313_man3": 157.5466912980951,
        "0326_woman2": 157.18610410885353,
        "0326_woman4": 156.2370831954391,
        "0319_woman1": 154.96988402795893,
        "0321_woman2": 150.95875199578424,
        "0324_woman4": 149.9623087843444,
        "0324_woman3": 148.97830763296292,
        "0327_woman1": 148.9574823674146,
        "0318_woman3": 148.8585330504365,
        "0320_woman3": 147.74609091397147,
        "0327_woman2": 147.48332919334774,
        "0320_woman4": 142.69487239120633
    }
}