{
    "camera": "300cm_outside",
    "ranking": [
        "0324_man1",
        "0313_man2",
        "0313_man3",
        "0326_woman2",
        "0319_woman2",
        "0326_woman4",
        "0321_woman2",
        "0319_woman1",
        "0327_woman1",
        "0318_woman3",
        "0324_woman4",
        "0320_woman3",
        "0324_woman3",
        "0327_woman2",
        "0326_woman1",
        "0320_woman4"
    ],
    "scores": {
        "0324_man1": 299.4545601725183,
        "0313_man2": 296.3112475712214,
        "0313_man3": 294.45635815224125,
        "0326_woman2": 288.3960861940875,
        "0319_woman2": 287.3238850664552,
        "0326_woman4": 283.0258009568673,
        "0321_woman2": 280.4628430154944,
        "0319_woman1": 280.3172684649972,
        "0327_woman1": 278.35359961695326,
        "0318_woman3": 277.26281169039476,
        "0324_woman4": 276.26011680163913,
        "0320_woman3": 276.126808205818,
        "0324_woman3": 275.86632643474906,
        "0327_woman2": 274.244108534552,
        "0326_woman1": 272.3243193371306,
        "0320_woman4": 265.8371267406182
    }
}