{
    "camera": "400cm_slantside",
    "ranking": [
        "0324_man1",
        "0313_man2",
        "0326_woman1",
        "0313_man3",
        "0319_woman2",
        "0326_woman2",
        "0326_woman4",
        "0319_woman1",
        "0321_woman2",
        "0324_woman4",
        "0318_woman3",
        "0327_woman1",
        "0324_woman3",
        "0320_woman3",
        "0327_woman2",
        "0320_woman4"
    ],
    "scores": {
        "0324_man1": 166.58889715729302,
        "0313_man2": 164.12974924662413,
        "0326_woman1": 156.92656503299298,
        "0313_man3": 155.43164567790035,
        "0319_woman2": 155.17947899398325,
        "0326_woman2": 154.0945900018724,
        "0326_woman4": 153.1053997418187,
        "0319_woman1": 152.47838161853116,
        "0321_woman2": 147.86796157982675,
        "0324_woman4": 147.00846463414473,
        "0318_woman3": 146.77669076910166,
        "0327_woman1": 146.51367513938908,
        "0324_woman3": 145.6516317693147,
        "0320_woman3": 145.37720901243398,
        "0327_woman2": 144.66163550896417,
        "0320_woman4": 140.20626591995855
    }
}