{
    "camera": "350cm_slantside",
    "ranking": [
        "0324_man1",
        "0313_man2",
        "0326_woman1",
        "0313_man3",
        "0319_woman2",
        "0326_woman2",
        "0326_woman4",
        "0319_woman1",
        "0321_woman2",
        "0324_woman4",
        "0327_woman1",
        "0318_woman3",
        "0324_woman3",
        "0320_woman3",
        "0327_woman2",
        "0320_woman4"
    ],
    "scores": {
        "0324_man1": 165.8082760982816,
        "0313_man2": 163.30410297669442,
        "0326_woman1": 156.5095884254661,
        "0313_man3": 154.33511267852967,
        "0319_woman2": 154.25499024691322,
        "0326_woman2": 153.35444617728155,
        "0326_woman4": 152.30035730927233,
        "0319_woman1": 151.2332466363198,
        "0321_woman2": 147.23062128482638,
        "0324_woman4": 146.18812790516446,
        "0327_woman1": 145.6218664194472,
        "0318_woman3": 145.38826291619858,
        "0324_woman3": 145.07939010688364,
        "0320_woman3": 144.1293262546416,
        "0327_woman2": 143.92674942871332,
        "0320_woman4": 139.0709569845907
    }
}