{
    "camera": "400cm_inside",
    "ranking": [
        "0324_man1",
        "0313_man2",
        "0326_woman1",
        "0313_man3",
        "0319_woman2",
        "0326_woman2",
        "0326_woman4",
        "0324_woman4",
        "0327_woman1",
        "0318_woman3",
        "0324_woman3",
        "0321_woman2",
        "0320_woman3",
        "0320_woman4",
        "0327_woman2",
        "0319_woman1"
    ],
    "scores": {
        "0324_man1": 206.54098640194698,
        "0313_man2": 203.84840282520457,
        "0326_woman1": 195.8573512915087,
        "0313_man3": 193.61236736253318,
        "0319_woman2": 192.9521235568821,
        "0326_woman2": 192.18581419677844,
        "0326_woman4": 190.26376342166483,
        "0324_woman4": 183.22594881021826,
        "0327_woman1": 183.1543988301155,
        "0318_woman3": 182.84403582043726,
        "0324_woman3": 181.91782618886083,
        "0321_woman2": 181.59550837083103,
        "0320_woman3": 180.63536945448715,
        "0320_woman4": 174.75088431066774,
        "0327_woman2": 41.87258009225489,
        "0319_woman1": 36.92793417436581
    }
}