{
    "camera": "300cm_inside",
    "ranking": [
        "0324_man1",
        "0313_man2",
        "0326_woman1",
        "0319_woman2",
        "0313_man3",
        "0326_woman2",
        "0326_woman4",
        "0319_woman1",
        "0324_woman4",
        "0321_woman2",
        "0324_woman3",
        "0327_woman1",
        "0318_woman3",
        "0327_woman2",
        "0320_woman3",
        "0320_woman4"
    ],
    "scores": {
        "0324_man1": 319.3520900812895,
        "0313_man2": 313.92759875174767,
        "0326_woman1": 302.0797108166724,
        "0319_woman2": 298.5466335050346,
        "0313_man3": 297.5876507915953,
        "0326_woman2": 297.4218653081431,
        "0326_woman4": 293.365278443001,
        "0319_woman1": 291.9529353809088,
        "0324_woman4": 284.5950408647334,
        "0321_woman2": 284.14009258454695,
        "0324_woman3": 282.0587147866137,
        "0327_woman1": 281.51663478085277,
        "0318_woman3": 279.4085728682731,
        "0327_woman2": 278.9480828039806,
        "0320_woman3": 278.2707901799314,
        "0320_woman4": 270.1856924923271
    }
}