{
    "camera": "350cm_inside",
    "ranking": [
        "0324_man1",
        "0313_man2",
        "0326_woman1",
        "0313_man3",
        "0326_woman2",
        "0319_woman2",
        "0319_woman1",
        "0326_woman4",
        "0324_woman4",
        "0321_woman2",
        "0324_woman3",
        "0318_woman3",
        "0327_woman1",
        "0320_woman3",
        "0327_woman2",
        "0320_woman4"
    ],
    "scores": {
        "0324_man1": 221.80180926261883,
        "0313_man2": 219.50246334614522,
        "0326_woman1": 211.20344307889212,
        "0313_man3": 207.76330172822523,
        "0326_woman2": 206.8922743426627,
        "0319_woman2": 204.7105042263155,
        "0319_woman1": 203.94796338823443,
        "0326_woman4": 203.93593814867154,
        "0324_woman4": 197.83745108893976,
        "0321_woman2": 197.29827805352565,
        "0324_woman3": 196.39077209100978,
        "0318_woman3": 196.3867869992251,
        "0327_woman1": 196.28852728341897,
        "0320_woman3": 195.89494759500312,
        "0327_woman2": 193.9311969281018,
        "0320_woman4": 189.9386110037491
    }
}