{
    "camera": "400cm_outside",
    "ranking": [
        "0324_man1",
        "0313_man2",
        "0326_woman1",
        "0313_man3",
        "0319_woman2",
        "0319_woman1",
        "0326_woman2",
        "0326_woman4",
        "0321_woman2",
        "0324_woman4",
        "0320_woman3",
        "0324_woman3",
        "0327_woman2",
        "0318_woman3",
        "0327_woman1",
        "0320_woman4"
    ],
    "scores": {
        "0324_man1": 253.36788725017288,
        "0313_man2": 248.97532932556788,
        "0326_woman1": 238.68638753364547,
        "0313_man3": 237.53528261891205,
        "0319_woman2": 237.43364899074493,
        "0319_woman1": 234.76544324875996,
        "0326_woman2": 234.5967900946451,
        "0326_woman4": 232.31418809285287,
        "0321_woman2": 229.46894966195143,
        "0324_woman4": 225.8065680609511,
        "0320_woman3": 224.51518115022446,
        "0324_woman3": 223.8422184187284,
        "0327_woman2": 223.7264623480671,
        "0318_woman3": 221.75397210106365,
        "0327_woman1": 220.37304447539165,
        "0320_woman4": 199.2867989461551
    }
}